Rank,Player,Pos,Team,Bye,PosRank,PosTier,Tier,ECR,VBD,Upside,Bust,Risk,Depth,Backfield,Spread,Ranked,Rookie,Availability,Injury
1,Ja'Marr Chase,WR,CIN,6,WR1,1,1,1.55,216,0.6,2.5,tight,1,,0.92,yes,,,Questionable
2,Jahmyr Gibbs,RB,DET,6,RB1,1,1,2.63,239,1.6,4.4,tight,1,bellcow,1.4,yes,,,
3,Puka Nacua,WR,LAR,11,WR2,1,1,3.36,175,2.4,5.6,tight,1,,1.43,yes,,,Questionable
4,Bijan Robinson,RB,ATL,11,RB2,1,1,3.92,197,2.9,3.1,tight,1,bellcow,1.5,yes,,,
5,Jaxon Smith-Njigba,WR,SEA,11,WR3,2,1,4.67,150,3.7,4.3,tight,1,,1.39,yes,,,
6,Amon-Ra St. Brown,WR,DET,6,WR4,2,1,5.45,128,2.5,3.6,tight,1,,1.22,yes,,,
7,CeeDee Lamb,WR,DAL,14,WR5,3,2,8.9,115,4.9,7.1,tight,1,,1.99,yes,,,
8,Justin Jefferson,WR,MIN,6,WR6,3,2,9.36,100,5.4,10.6,tight,1,,2.55,yes,,,
9,Christian McCaffrey,RB,SF,8,RB3,2,2,9.78,189,4.8,21.2,tight,1,sole RB,4.93,yes,,,Questionable
10,Jonathan Taylor,RB,IND,13,RB4,2,2,11.68,183,4.7,21.3,tight,1,sole RB,5.16,yes,,,
11,Drake London,WR,ATL,11,WR7,4,2,12.59,85,4.6,13.4,tight,1,,3.47,yes,,,
12,A.J. Brown,WR,NE,11,WR8,4,2,13.89,74,5.9,21.1,tight,1,,4.65,yes,,,
13,Nico Collins,WR,HOU,8,WR9,5,3,15.91,68,4.9,12.1,tight,1,,3.48,yes,,,
14,James Cook,RB,BUF,7,RB5,2,3,16.58,151,9.6,17.4,tight,1,bellcow,6.78,yes,,,
15,Chase Brown,RB,CIN,6,RB6,3,3,18.06,138,10.1,20.9,tight,1,sole RB,6.11,yes,,,
16,Brock Bowers,TE,LV,13,TE1,1,3,18.09,153,8.1,38.9,tight,1,,4.97,yes,,,
17,Chris Olave,WR,NO,8,WR10,5,3,18.81,65,9.8,25.2,tight,1,,6.08,yes,,,
18,George Pickens,WR,DAL,14,WR11,5,3,20.18,61,9.2,19.8,tight,2,,5.7,yes,,,
19,De'Von Achane,RB,MIA,6,RB7,2,3,21,119,11,18,tight,1,sole RB,6.78,yes,,,
20,Trey McBride,TE,ARI,14,TE2,1,3,21.26,95,5.3,11.7,tight,1,,4.37,yes,,,
21,Rashee Rice,WR,KC,5,WR12,5,4,23.67,61,14.7,21.3,some,1,,8.8,yes,,,
22,DeVonta Smith,WR,PHI,10,WR13,6,4,23.89,59,12.9,21.1,tight,1,,7.06,yes,,,
23,Saquon Barkley,RB,PHI,10,RB8,3,4,24.27,115,14.3,16.7,tight,1,bellcow,6.72,yes,,,
24,Malik Nabers,WR,NYG,8,WR14,5,4,24.41,57,15.4,23.6,some,1,,9.07,yes,,,Questionable
25,Omarion Hampton,RB,LAC,7,RB9,3,4,25.58,106,15.6,21.4,tight,1,bellcow,7.32,yes,,,
26,Josh Allen,QB,BUF,7,QB1,1,4,25.88,117,4.9,13.1,tight,1,,2.69,yes,,,
27,Kenneth Walker,RB,KC,5,RB10,3,4,27.14,97,15.1,30.9,some,1,bellcow,9.62,yes,,,Questionable
28,Ashton Jeanty,RB,LV,13,RB11,3,5,28.51,91,21.5,36.5,some,1,bellcow,10.99,yes,,,Questionable
29,Garrett Wilson,WR,NYJ,13,WR15,6,5,30.03,53,16,17,tight,1,,7.61,yes,,,
30,Zay Flowers,WR,BAL,13,WR16,6,5,30.14,50,13.1,17.9,tight,1,,7.92,yes,,,Questionable
31,Lamar Jackson,QB,BAL,13,QB2,2,5,31.72,86,6.7,26.3,some,1,,8.28,yes,,,
32,Tetairoa McMillan,WR,CAR,5,WR17,6,6,35.08,45,17.1,13.9,tight,1,,6.57,yes,,,
33,Jaylen Waddle,WR,DEN,10,WR18,7,6,35.9,39,15.9,26.1,tight,1,,7.52,yes,,,
34,Ladd McConkey,WR,LAC,7,WR19,6,6,36.18,38,18.2,14.8,tight,1,,6.91,yes,,,
35,Tee Higgins,WR,CIN,6,WR20,6,6,36.34,38,17.3,14.7,tight,2,,6.65,yes,,,
36,Derrick Henry,RB,BAL,13,RB12,3,6,37.19,87,25.2,12.8,some,1,sole RB,8.74,yes,,,
37,Colston Loveland,TE,CHI,10,TE3,2,6,37.98,80,16,49,some,1,,13.23,yes,,,
38,Drake Maye,QB,NE,11,QB3,2,6,38.19,81,12.2,53.8,some,1,,13.66,yes,,,
39,Breece Hall,RB,NYJ,13,RB13,4,6,39.93,82,17.9,16.1,tight,1,bellcow,6.68,yes,,,Questionable
40,Emeka Egbuka,WR,TB,10,WR21,6,6,40.23,36,25.2,23.8,tight,1,,7.4,yes,,,Questionable
41,Jeremiyah Love,RB,ARI,14,RB14,4,6,40.96,79,13,24,some,1,bellcow,8.17,yes,ROOKIE,,Questionable
42,Kyren Williams,RB,LAR,11,RB15,4,6,41.6,75,18.6,17.4,tight,1,lead w/ Blake Corum,6.94,yes,,,
43,Josh Jacobs,RB,GB,11,RB16,4,7,44.73,72,20.7,16.3,tight,1,bellcow,7.14,yes,,,Questionable
44,Javonte Williams,RB,DAL,14,RB17,4,7,44.95,68,12,22,tight,1,sole RB,6.18,yes,,,
45,Terry McLaurin,WR,WAS,7,WR22,7,7,46.59,35,18.6,21.4,tight,1,,5.79,yes,,,
46,Joe Burrow,QB,CIN,6,QB4,2,7,46.91,75,19.9,25.1,some,1,,12.63,yes,,,
47,Luther Burden,WR,CHI,10,WR23,7,7,47.9,32,21.9,28.1,some,2,,8.87,yes,,,Questionable
48,Travis Etienne,RB,NO,8,RB18,5,7,48.1,61,15.1,16.9,tight,1,bellcow,6.99,yes,,,
49,Davante Adams,WR,LAR,11,WR24,7,7,49.79,31,20.8,19.2,tight,2,,7.63,yes,,,
50,Jayden Daniels,QB,WAS,7,QB5,3,8,51.37,55,24.4,49.6,wide,1,,15.7,yes,,,
51,DJ Moore,WR,BUF,7,WR25,7,8,51.91,27,32.9,55.1,some,1,,13.01,yes,,,
52,Tyler Warren,TE,IND,13,TE4,2,8,54.21,73,32.2,30.8,some,1,,10.84,yes,,,Questionable
53,Mike Evans,WR,SF,8,WR26,8,8,54.95,25,19,28.1,some,1,,10.22,yes,,,Questionable
54,Jameson Williams,WR,DET,6,WR27,7,8,55.17,21,15.2,34.8,some,2,,9.6,yes,,,
55,D'Andre Swift,RB,CHI,10,RB19,5,9,55.82,54,14.8,19.2,tight,1,lead w/ Kyle Monangai,7.89,yes,,,
56,Rome Odunze,WR,CHI,10,WR28,8,9,56.85,20,14.9,26.2,some,1,,8.76,yes,,,
57,Cam Skattebo,RB,NYG,8,RB20,5,9,57.08,50,16.1,19.9,some,1,bellcow,8.56,yes,,,
58,Jalen Hurts,QB,PHI,10,QB6,3,9,57.88,41,27.9,21.1,some,1,,11.09,yes,,,
59,Christian Watson,WR,GB,11,WR29,8,9,58.42,19,14.4,48.6,some,1,,10.6,yes,,,
60,Bucky Irving,RB,TB,10,RB21,5,9,59.1,48,18.1,20.9,some,1,lead w/ Kenny Gainwell + Sean Tucker,8.57,yes,,,
61,David Montgomery,RB,HOU,8,RB22,6,9,61.08,40,18.1,20.9,some,1,bellcow,8.52,yes,,,
62,Quinshon Judkins,RB,CLE,11,RB23,6,9,61.38,36,22.4,18.6,some,1,bellcow,8.84,yes,,,
63,Parker Washington,WR,JAX,7,WR30,8,10,65.66,18,25.7,49.3,wide,1,,16.1,yes,,,
64,Carnell Tate,WR,TEN,9,WR31,8,10,67.21,14,22.2,53.8,some,1,,14.92,yes,ROOKIE,,
65,Bhayshul Tuten,RB,JAX,7,RB24,6,10,67.57,31,26.6,31.4,some,1,lead w/ Chris Rodriguez,10.33,yes,,,
66,Caleb Williams,QB,CHI,10,QB7,3,10,67.6,34,37.6,30.4,some,1,,13.35,yes,,,
67,Marvin Harrison,WR,ARI,14,WR32,8,10,68.77,12,23.8,31.2,some,1,,11.35,yes,,,
68,TreVeyon Henderson,RB,NE,11,RB25,6,10,68.92,28,25.9,23.1,some,1,COMMITTEE w/ Rhamondre Stevenson,9.9,yes,,,Questionable
69,Justin Herbert,QB,LAC,7,QB8,4,11,72.27,24,35.3,32.7,some,1,,12.68,yes,,,
70,Jadarian Price,RB,SEA,11,RB26,7,11,72.98,22,26,13,some,1,bellcow,8.91,yes,ROOKIE,,
71,Harold Fannin,TE,CLE,11,TE5,3,11,74.29,61,20.3,36.7,some,1,,11.14,yes,,,
72,Jaylen Warren,RB,PIT,9,RB27,7,11,77,19,12,25,some,1,COMMITTEE w/ Rico Dowdle,8.05,yes,,,
73,Chris Godwin,WR,TB,10,WR33,8,11,77.05,10,29.1,44,some,2,,13.32,yes,,,
74,Tucker Kraft,TE,GB,11,TE6,3,11,77.19,58,45.2,28.8,some,1,,13.97,yes,,,Questionable
75,Trevor Lawrence,QB,JAX,7,QB9,4,11,77.42,23,40.4,27.6,some,1,,13.56,yes,,,
76,Dak Prescott,QB,DAL,14,QB10,3,11,78.06,16,41.1,29.9,some,1,,13.1,yes,,,
77,Brian Thomas,WR,JAX,7,WR34,8,11,78.22,7,29.2,49.8,some,2,,14.88,yes,,,Questionable
78,Rhamondre Stevenson,RB,NE,11,RB28,7,11,78.7,14,17.7,38.3,some,2,COMMITTEE w/ TreVeyon Henderson,9.28,yes,,,
79,DK Metcalf,WR,PIT,9,WR35,8,11,78.77,5,30.8,42.2,some,1,,13.12,yes,,,Questionable
80,Michael Pittman,WR,PIT,9,WR36,8,11,80.74,0,35.7,36.3,some,2,,13.71,yes,,,Questionable
81,Kyle Pitts,TE,ATL,11,TE7,3,11,80.77,50,14.8,16.2,some,1,,9.64,yes,,,
82,Courtland Sutton,WR,DEN,10,WR37,8,12,83.18,0,34.2,32.8,some,2,,14.92,yes,,,
83,Tony Pollard,RB,TEN,9,RB29,7,12,84.36,4,19.4,33.6,some,1,lead w/ Tyjae Spears,9.81,yes,,,
84,Sam LaPorta,TE,DET,6,TE8,3,12,85.04,46,30,46,some,1,,13.94,yes,,,Questionable
85,Josh Downs,WR,IND,13,WR38,8,12,86.72,0,35.7,46.3,some,2,,14.87,yes,,,Questionable
86,Wan'Dale Robinson,WR,TEN,9,WR39,8,12,87.04,0,39,36,some,2,,14.42,yes,,,Questionable
87,Michael Wilson,WR,ARI,14,WR40,8,12,88.19,0,36.2,44.8,wide,2,,16.05,yes,,,
88,Rico Dowdle,RB,PIT,9,RB30,7,12,89.13,0,24.1,32.9,some,2,COMMITTEE w/ Jaylen Warren,12.66,yes,,,
89,Jonathon Brooks,RB,CAR,5,RB31,8,13,92.68,0,36.7,141.3,wide,2,COMMITTEE w/ Chuba Hubbard,24.06,yes,,,
90,RJ Harvey,RB,DEN,10,RB32,8,13,95.83,0,30.8,47.2,wide,2,COMMITTEE w/ J.K. Dobbins + Jonah Coleman,16.45,yes,,,
91,Brock Purdy,QB,SF,8,QB11,4,13,95.84,9,32.8,29.2,some,1,,10.17,yes,,,
92,Stefon Diggs,WR,WAS,7,WR41,8,13,96.15,0,48.2,118.9,high,2,,30.95,yes,,,
93,Quentin Johnston,WR,LAC,7,WR42,8,13,96.65,0,28.7,37.3,some,2,,14.14,yes,,,
94,Jaxson Dart,QB,NYG,8,QB12,4,13,97.19,0,38.2,32.8,some,1,,14.14,yes,,,
95,Travis Kelce,TE,KC,5,TE9,4,13,97.81,43,31.8,60.2,some,1,,14.87,yes,,,
96,Chuba Hubbard,RB,CAR,5,RB33,7,13,97.86,0,25.9,43.1,wide,1,COMMITTEE w/ Jonathon Brooks,16.21,yes,,,Questionable
97,George Kittle,TE,SF,8,TE10,4,13,99.45,36,67.5,129.6,wide,1,,21.34,yes,,,Questionable
98,Patrick Mahomes,QB,KC,5,QB13,4,13,100.25,0,37.3,41.8,some,1,,12.36,yes,,,Questionable
99,Alec Pierce,WR,IND,13,WR43,8,13,100.41,0,36.4,69.6,wide,1,,20.85,yes,,,Questionable
100,J.K. Dobbins,RB,DEN,10,RB34,8,13,100.49,0,22.5,34.5,wide,1,COMMITTEE w/ RJ Harvey + Jonah Coleman,15.02,yes,,,
101,Kenny Gainwell,RB,TB,10,RB35,8,13,100.6,0,35.6,38.4,some,2,timeshare w/ Bucky Irving + Sean Tucker,13.97,yes,,,
102,Bo Nix,QB,DEN,10,QB14,5,13,101.32,0,31.3,24.7,some,1,,8.75,yes,,,
103,Jakobi Meyers,WR,JAX,7,WR44,8,13,102.67,0,40.7,46.3,wide,3,,16.82,yes,,,Questionable
104,Matthew Stafford,QB,LAR,11,QB15,4,13,104.22,0,41.2,42.8,some,1,,13.12,yes,,,
105,Jayden Reed,WR,GB,11,WR45,8,14,105.64,0,27.6,27.4,some,2,,14.25,yes,,,
106,Jordan Addison,WR,MIN,6,WR46,8,14,106.76,0,35.8,92.2,wide,2,,18.22,yes,,,
107,Jared Goff,QB,DET,6,QB16,5,14,108,0,45,38,some,1,,9.71,yes,,,
108,Rachaad White,RB,WAS,7,RB36,8,14,109.36,0,31.4,46.6,some,2,COMMITTEE w/ Jacory Croskey-Merritt,14.76,yes,,,Questionable
109,Makai Lemon,WR,PHI,10,WR47,8,14,109.62,0,40.6,44.4,wide,2,,18.41,yes,ROOKIE,,
110,Blake Corum,RB,LAR,11,RB37,8,15,112.2,0,32.2,30.8,some,2,timeshare w/ Kyren Williams,13.71,yes,,,
111,Dalton Kincaid,TE,BUF,7,TE11,4,15,112.25,31,27.3,42.8,wide,1,,15.61,yes,,,
112,Aaron Jones,RB,MIN,6,RB38,8,15,113.52,0,36.5,32.5,wide,2,COMMITTEE w/ Jordan Mason,15.8,yes,,,
113,Kyler Murray,QB,MIN,6,QB17,6,15,113.54,0,34.5,33.5,some,1,,10.18,yes,,,
114,Jacory Croskey-Merritt,RB,WAS,7,RB39,8,15,115.28,0,37.3,19.7,some,1,COMMITTEE w/ Rachaad White,13.83,yes,,,Questionable
115,Kyle Monangai,RB,CHI,10,RB40,8,15,115.98,0,36,44,wide,2,timeshare w/ D'Andre Swift,15.41,yes,,,Questionable
116,Jake Ferguson,TE,DAL,14,TE12,4,15,116.77,23,43.8,62.2,wide,1,,19.07,yes,,,
117,Jordan Mason,RB,MIN,6,RB41,8,15,117.52,0,40.5,30.5,wide,1,COMMITTEE w/ Aaron Jones,15.45,yes,,,
118,Baker Mayfield,QB,TB,10,QB18,6,15,118.24,0,48.2,51.8,some,1,,10.64,yes,,,
119,Dallas Goedert,TE,PHI,10,TE13,4,15,118.33,19,33.3,54.7,wide,1,,17.33,yes,,,
120,Jordan Love,QB,GB,11,QB19,6,16,119.5,0,27.5,49.5,some,1,,10.17,yes,,,
121,KC Concepcion,WR,CLE,11,WR48,8,16,121.08,0,45.1,167.9,high,2,,28.42,yes,ROOKIE,,
122,Khalil Shakir,WR,BUF,7,WR49,8,16,121.26,0,39.3,79.7,wide,2,,17.01,yes,,,Questionable
123,Isaiah Likely,TE,NYG,8,TE14,4,16,121.92,11,34.9,108.1,high,1,,27.54,yes,,,
124,Jalen Coker,WR,CAR,5,WR50,8,16,124.78,0,43.8,51.2,wide,2,,17.6,yes,,,
125,Tyler Shough,QB,NO,8,QB20,6,16,125.28,0,21.3,88.7,wide,1,,16.11,yes,,,
126,Xavier Worthy,WR,KC,5,WR51,8,17,127.99,0,38,40,wide,2,,15.62,yes,,,
127,Matthew Golden,WR,GB,11,WR52,8,17,128.62,0,52.6,66.4,wide,3,,19.81,yes,,,
128,Romeo Doubs,WR,NE,11,WR53,8,17,130.12,0,39.1,47.9,wide,2,,16.56,yes,,,
129,Mark Andrews,TE,BAL,13,TE15,5,17,130.4,0,43.4,98.6,wide,1,,23.55,yes,,,
130,Malik Willis,QB,MIA,6,QB21,5,17,131.06,0,33.1,143.9,wide,1,,23.77,yes,,,
131,Jordyn Tyson,WR,NO,8,WR54,8,17,131.22,0,40.2,109.8,high,3,,27.44,yes,ROOKIE,OUT (Doubtful),Doubtful
132,Juwan Johnson,TE,NO,8,TE16,5,17,135.93,0,40.9,90.1,wide,1,,21.23,yes,,,
133,Deebo Samuel,WR,SF,8,WR55,8,17,137.2,0,56.2,101.8,high,2,,31.1,yes,,,
134,Woody Marks,RB,HOU,8,RB42,8,17,137.31,0,53.3,30.7,wide,2,handcuff w/ David Montgomery,15.09,yes,,,
135,Tyjae Spears,RB,TEN,9,RB43,8,18,138.64,0,45.6,50.4,wide,2,timeshare w/ Tony Pollard,16.28,yes,,,
136,Tyler Allgeier,RB,ARI,14,RB44,8,18,139.81,0,22.8,37.2,some,2,handcuff w/ Jeremiyah Love,13.27,yes,,,
137,De'Zhaun Stribling,WR,SF,8,WR56,8,18,140.29,0,71.3,148.7,high,3,,46.55,yes,ROOKIE,,Questionable
138,Sam Darnold,QB,SEA,11,QB22,6,18,140.84,0,27.8,107.2,wide,1,,17.5,yes,,,
139,Chris Rodriguez,RB,JAX,7,RB45,8,18,141.18,0,29.2,86.8,wide,2,timeshare w/ Bhayshul Tuten,18.15,yes,,,
140,C.J. Stroud,QB,HOU,8,QB23,6,18,144.78,0,36.8,91.2,wide,1,,18.69,yes,,,
141,Dylan Sampson,RB,CLE,11,RB46,7,18,146.54,0,43.5,72.5,some,2,handcuff w/ Quinshon Judkins,14.55,yes,,,
142,Daniel Jones,QB,IND,13,QB24,6,19,149.34,0,44.3,128.7,high,1,,27.06,yes,,,
143,Rashid Shaheed,WR,SEA,11,WR57,8,19,149.47,0,33.5,47.5,wide,2,,15.53,yes,,,
144,Denzel Boston,WR,CLE,11,WR58,8,19,151.52,0,51.5,153.5,high,3,,34.6,yes,ROOKIE,,
145,Houston Texans,DEF,HOU,8,DEF1,1,19,152.94,55,9.9,22.1,tight,,,5.45,yes,,,
146,Keaton Mitchell,RB,LAC,7,RB47,8,19,153.27,0,51.3,147.7,high,2,handcuff w/ Omarion Hampton + Kimani Vidal,27.42,yes,,,Questionable
147,Zach Charbonnet,RB,SEA,11,RB48,8,19,154.29,0,51.3,120.7,high,2,handcuff w/ Jadarian Price,29.27,yes,,OUT (PUP),PUP
148,Tyrone Tracy,RB,NYG,8,RB49,8,19,154.71,0,37.7,105.3,high,2,handcuff w/ Cam Skattebo,29.71,yes,,,Questionable
149,Cam Ward,QB,TEN,9,QB25,6,19,156.11,0,37.1,112.9,wide,1,,22.7,yes,,,
150,Jonah Coleman,RB,DEN,10,RB50,8,19,157.11,0,35.1,146.9,high,3,COMMITTEE w/ RJ Harvey + J.K. Dobbins,28.96,yes,ROOKIE,,
151,Alvin Kamara,RB,NO,8,RB51,8,20,158.88,0,56.9,133.1,high,2,handcuff w/ Travis Etienne,31.03,yes,,,Questionable
152,Brenton Strange,TE,JAX,7,TE17,5,20,159.09,0,47.1,66.9,wide,1,,23.91,yes,,,
153,Chig Okonkwo,TE,WAS,7,TE18,5,20,159.86,0,47.9,94.1,high,1,,25.84,yes,,,
154,Mike Washington,RB,LV,13,RB52,8,20,160.53,0,71.5,90.5,high,2,handcuff w/ Ashton Jeanty,40.41,yes,ROOKIE,,
155,Isiah Pacheco,RB,DET,6,RB53,8,20,162.73,0,35.7,75.3,wide,2,handcuff w/ Jahmyr Gibbs,22.95,yes,,,Questionable
156,Hunter Henry,TE,NE,11,TE19,5,20,163.19,0,39.2,65.8,wide,1,,21.96,yes,,,
157,Denver Broncos,DEF,DEN,10,DEF2,2,20,163.96,41,15,46,tight,,,7.74,yes,,,
158,Jauan Jennings,WR,MIN,6,WR59,8,20,164.44,0,57.4,117.6,high,3,,31.9,yes,,,
159,Tre Tucker,WR,LV,13,WR60,8,20,165.91,0,49.9,81.1,wide,1,,24.33,yes,,,
160,Jerry Jeudy,WR,CLE,11,WR61,8,20,166.12,0,45.1,104.9,high,1,,29.34,yes,,,
161,Dalton Schultz,TE,HOU,8,TE20,5,20,166.5,0,55.5,42.5,wide,1,,23.69,yes,,,
162,Los Angeles Rams,DEF,LAR,11,DEF3,1,21,168.1,26,19.1,37.9,tight,,,7.68,yes,,,
163,Seattle Seahawks,DEF,SEA,11,DEF4,1,21,168.27,26,17.3,111.7,some,,,12.43,yes,,,
164,Adonai Mitchell,WR,NYJ,13,WR62,9,21,168.37,0,58.4,118.6,high,2,,25.71,yes,,,
165,Bryce Young,QB,CAR,5,QB26,6,21,169.59,0,35.6,111.4,high,1,,26.91,yes,,,
166,Jalen McMillan,WR,TB,10,WR63,8,21,172.1,0,39.1,120.9,high,3,,26.29,yes,,,Questionable
167,Braelon Allen,RB,NYJ,13,RB54,8,21,173.56,0,55.6,77.4,high,2,handcuff w/ Breece Hall,27.08,yes,,,
168,Tank Bigsby,RB,PHI,10,RB55,8,21,174,0,47,69,high,2,handcuff w/ Saquon Barkley,25.38,yes,,,
169,Philadelphia Eagles,DEF,PHI,10,DEF5,2,21,174.46,21,18.5,60.5,some,,,9.21,yes,,,
170,Tre' Harris,WR,LAC,7,WR64,9,22,180.02,0,52,93,high,3,,27.62,yes,,,Questionable
171,Omar Cooper,WR,NYJ,13,WR65,9,22,180.12,0,54.1,131.9,high,3,,38.42,yes,ROOKIE,,
172,Brian Robinson,RB,ATL,11,RB56,8,22,180.86,0,45.9,70.1,wide,2,handcuff w/ Bijan Robinson,22.14,yes,,,
173,Ryan Flournoy,WR,DAL,14,WR66,9,23,184.79,0,48.8,140.2,high,3,,28.45,yes,,,
174,New England Patriots,DEF,NE,11,DEF6,3,23,184.81,18,24.8,40.2,tight,,,7.69,yes,,,
175,Minnesota Vikings,DEF,MIN,6,DEF7,3,23,185.64,16,21.6,66.4,some,,,10.3,yes,,,
176,Travis Hunter,WR,JAX,7,WR67,8,23,185.69,0,104.7,119.3,high,4,,40.4,yes,,,
177,Pittsburgh Steelers,DEF,PIT,9,DEF8,4,23,186.26,15,25.3,52.7,some,,,8.38,yes,,,
178,T.J. Hockenson,TE,MIN,6,TE21,6,23,188.46,0,82.5,57.5,high,1,,26.44,yes,,,
179,Jalen Nailor,WR,LV,13,WR68,8,23,189.32,0,61.3,112.7,high,2,,32.57,yes,,,
180,Emmett Johnson,RB,KC,5,RB57,8,23,189.42,0,46.4,93.6,high,3,handcuff w/ Kenneth Walker,35.27,yes,ROOKIE,,
181,Jacksonville Jaguars,DEF,JAX,7,DEF9,4,23,189.59,10,38.6,90.4,wide,,,17.51,yes,,,
182,Dontayvion Wicks,WR,PHI,10,WR69,10,23,189.82,0,73.8,99.2,high,3,,33.6,yes,,,
183,Kayshon Boutte,WR,HOU,8,WR70,10,23,189.95,0,56.9,122.1,high,2,,31.88,yes,,,
184,Pat Bryant,WR,DEN,10,WR71,10,23,190.04,0,69,103,high,4,,31.78,yes,,,
185,Malik Washington,WR,MIA,6,WR72,10,24,190.91,0,62.9,98.1,high,1,,33.96,yes,,,
186,MarShawn Lloyd,RB,GB,11,RB58,8,24,191.43,0,66.4,135.6,high,2,handcuff w/ Josh Jacobs,51.82,yes,,,
187,Los Angeles Chargers,DEF,LAC,7,DEF10,4,24,193.6,4,31.6,162.4,wide,,,22.37,yes,,,
188,Ray Davis,RB,BUF,7,RB59,8,24,194.21,0,52.2,80.8,high,3,handcuff w/ James Cook,34.1,yes,,,
189,Jaylin Noel,WR,HOU,8,WR73,10,24,194.37,0,53.4,104.6,high,3,,27.85,yes,,,Questionable
190,Jacoby Brissett,QB,ARI,14,QB27,6,24,194.67,0,65.7,89.3,high,1,,38.75,yes,,,
191,Keenan Allen,WR,IND,13,WR74,8,24,195.1,0,104.1,107.9,high,3,,60,yes,,,
192,Sean Tucker,RB,TB,10,RB60,8,24,196.96,0,56,87,high,3,timeshare w/ Bucky Irving + Kenny Gainwell,35.7,yes,,,
193,Kimani Vidal,RB,LAC,7,RB61,9,24,199.59,0,43.6,126.4,high,3,handcuff w/ Omarion Hampton + Keaton Mitchell,35.07,yes,,,
194,Oronde Gadsden,TE,LAC,7,TE22,5,25,202.38,0,96.4,92.6,high,1,,43.31,yes,,,
195,Calvin Ridley,WR,TEN,9,WR75,8,25,203.24,0,67.2,108.8,high,3,,33.87,yes,,,
196,AJ Barner,TE,SEA,11,TE23,6,25,208.81,0,84.8,45.2,wide,1,,23.91,yes,,,
197,Baltimore Ravens,DEF,BAL,13,DEF11,2,26,,2,,,,,,,no,,,
198,Joe Flacco,QB,CIN,6,QB57,12,26,,0,,,,2,,,no,,,
199,Aaron Rodgers,QB,PIT,9,QB31,7,26,,0,,,,1,,,no,,,
200,Ben Roethlisberger,QB,PIT,9,QB29,7,26,,0,,,,,,,no,,,
201,Josh Johnson,QB,CIN,6,QB61,13,26,,0,,,,3,,,no,,,
202,Lee Smith,TE,ATL,11,TE197,40,26,,0,,,,,,,no,,,
203,Tyrod Taylor,QB,GB,11,QB75,16,26,,0,,,,2,,,no,,,
204,Andy Dalton,QB,PHI,10,QB91,19,26,,0,,,,2,,,no,,,
205,Kirk Cousins,QB,LV,13,QB38,9,26,,0,,,,2,,,no,,,
206,Geno Smith,QB,NYJ,13,QB30,7,26,,0,,,,1,,,no,,,
207,Darren Fells,TE,TB,10,TE198,41,26,,0,,,,,,,no,,,
208,Nick Williams,WR,DEN,10,WR373,48,26,,0,,,,,,,no,,,
209,Levine Toilolo,TE,NYG,8,TE199,41,26,,0,,,,,,,no,,,
210,Jack Doyle,TE,IND,13,TE89,19,26,,0,,,,,,,no,,,
211,Case Keenum,QB,CHI,10,QB95,20,26,,0,,,,3,,,no,,,
212,Blake Bortles,QB,NO,8,QB124,26,26,,0,,,,,,,no,,,
213,Allen Hurns,WR,MIA,6,WR374,48,26,,0,,,,,,,no,,,
214,Odell Beckham,WR,NYG,8,WR160,21,26,,0,,,,5,,,no,,,
215,Eric Ebron,TE,PIT,9,TE36,8,26,,0,,,,,,,no,,,
216,Jameis Winston,QB,NYG,8,QB49,11,26,,0,,,,2,,,no,,,
217,Marcus Mariota,QB,WAS,7,QB56,12,26,,0,,,,2,,,no,,,Questionable
218,Phillip Dorsett,WR,LV,13,WR341,44,26,,0,,,,6,,,no,,,
219,Ameer Abdullah,RB,JAX,7,RB134,18,26,,0,,,,5,,,no,,,
220,Darren Waller,TE,CAR,5,TE66,14,26,,0,,,,1,,,no,,,
221,Matt LaCosse,TE,NE,11,TE200,41,26,,0,,,,,,,no,,,
222,Chris Manhertz,TE,NYG,8,TE127,26,26,,0,,,,3,,,no,,,
223,Laquon Treadwell,WR,IND,13,WR193,25,26,,0,,,,6,,,no,,,
224,Carson Wentz,QB,MIN,6,QB83,18,26,,0,,,,4,,,no,,,
225,Sterling Shepard,WR,HOU,8,WR164,21,26,,0,,,,8,,,no,,,
226,Austin Hooper,TE,ATL,11,TE75,16,26,,0,,,,2,,,no,,,
227,Bronson Kaufusi,TE,GB,11,TE68,15,26,,0,,,,,,,no,,,
228,Nick Vannett,TE,SEA,11,TE143,30,26,,0,,,,3,,,no,,,
229,Chris Moore,WR,BAL,13,WR342,44,26,,0,,,,6,,,no,,,
230,Tyler Higbee,TE,LAR,11,TE136,28,26,,0,,,,3,,,no,,,
231,Demarcus Robinson,WR,SF,8,WR299,38,26,,0,,,,6,,,no,,,
232,Wendell Smallwood,RB,WAS,7,RB84,11,26,,0,,,,,,,no,,,
233,Temarrick Hemingway,TE,WAS,7,TE201,41,26,,0,,,,,,,no,,,
234,Brandon Allen,QB,NYG,8,QB69,15,26,,0,,,,3,,,no,,,
235,Kalif Raymond,WR,CHI,10,WR239,31,26,,0,,,,5,,,no,,,
236,Joshua Perkins,TE,NYJ,13,TE202,41,26,,0,,,,,,,no,,,
237,Jalen Richard,RB,LV,13,RB146,19,26,,0,,,,,,,no,,,
238,Mitchell Trubisky,QB,TEN,9,QB88,19,26,,0,,,,3,,,no,,,Questionable
239,Deshaun Watson,QB,CLE,11,QB39,9,26,,0,,,,1,,,no,,,
240,David Njoku,TE,LAC,7,TE25,6,26,,0,,,,2,,,no,,,
241,Cooper Kupp,WR,SEA,11,WR97,13,26,,0,,,,3,,,no,,,
242,Mo Alie-Cox,TE,IND,13,TE99,21,26,,0,,,,2,,,no,,,
243,Evan Engram,TE,DEN,10,TE78,17,26,,0,,,,1,,,no,,,
244,Zay Jones,WR,HOU,8,WR173,23,26,,0,,,,9,,,no,,,
245,James Conner,RB,ARI,14,RB62,9,26,,0,,,,3,,,no,,,Questionable
246,Jonnu Smith,TE,GB,11,TE67,14,26,,0,,,,5,,,no,,,
247,Samaje Perine,RB,CIN,6,RB93,13,26,,0,,,,2,,,no,,,
248,Mack Hollins,WR,NE,11,WR326,42,26,,0,,,,4,,,no,,,
249,Joshua Dobbs,QB,DET,6,QB111,23,26,,0,,,,2,,,no,,,
250,Eric Saubert,TE,SEA,11,TE115,24,26,,0,,,,4,,,no,,,
