rank,name,pos,team,adp_ppr
1,Jahmyr Gibbs,RB,DET,1.3
2,Bijan Robinson,RB,ATL,2.2
3,Ja'Marr Chase,WR,CIN,3.6
4,Puka Nacua,WR,LAR,4.1
5,Christian McCaffrey,RB,SF,5.2
6,Jaxon Smith-Njigba,WR,SEA,6.6
7,Jonathan Taylor,RB,IND,7.2
8,CeeDee Lamb,WR,DAL,8.2
9,Amon-Ra St. Brown,WR,DET,8.9
10,James Cook,RB,BUF,10.8
11,Justin Jefferson,WR,MIN,11
12,De'Von Achane,RB,MIA,12.8
13,Saquon Barkley,RB,PHI,13.4
14,Ashton Jeanty,RB,LV,14.1
15,Omarion Hampton,RB,LAC,15.4
16,Chase Brown,RB,CIN,16.1
17,Drake London,WR,ATL,17.3
18,A.J. Brown,WR,NE,17.5
19,Kenneth Walker,RB,KC,19.3
20,Derrick Henry,RB,BAL,20.9
21,Trey McBride,TE,ARI,21
22,Josh Allen,QB,BUF,22.1
23,Brock Bowers,TE,LV,23
24,George Pickens,WR,DAL,24.7
25,Nico Collins,WR,HOU,25.4
26,Jeremiyah Love,RB,ARI,26.9
27,Rashee Rice,WR,KC,26.9
28,Malik Nabers,WR,NYG,28.2
29,Kyren Williams,RB,LAR,29.2
30,Chris Olave,WR,NO,30.8
31,Josh Jacobs,RB,GB,31.4
32,Lamar Jackson,QB,BAL,32.8
33,Breece Hall,RB,NYJ,33.9
34,Tee Higgins,WR,CIN,34
35,DeVonta Smith,WR,PHI,35.3
36,Javonte Williams,RB,DAL,35.5
37,Tetairoa McMillan,WR,CAR,37.5
38,Ladd McConkey,WR,LAC,38.3
39,Emeka Egbuka,WR,TB,39.7
40,Colston Loveland,TE,CHI,40.9
41,Bucky Irving,RB,TB,41.6
42,Zay Flowers,WR,BAL,42
43,Cam Skattebo,RB,NYG,43.8
44,Garrett Wilson,WR,NYJ,44.6
45,Travis Etienne,RB,NO,44.9
46,Jaylen Waddle,WR,DEN,46.6
47,Tyler Warren,TE,IND,47.2
48,Drake Maye,QB,NE,48.3
49,David Montgomery,RB,HOU,49.3
50,Davante Adams,WR,LAR,50.5
51,Joe Burrow,QB,CIN,51.6
52,Luther Burden,WR,CHI,52.7
53,TreVeyon Henderson,RB,NE,53.2
54,Quinshon Judkins,RB,CLE,53.6
55,D'Andre Swift,RB,CHI,55.1
56,Terry McLaurin,WR,WAS,56.1
57,DJ Moore,WR,BUF,57.1
58,Jameson Williams,WR,DET,58.5
59,Sam LaPorta,TE,DET,59
60,Jalen Hurts,QB,PHI,60.6
61,Mike Evans,WR,SF,61.4
62,Bhayshul Tuten,RB,JAX,62.2
63,Tucker Kraft,TE,GB,62.8
64,Jayden Daniels,QB,WAS,64.9
65,Rome Odunze,WR,CHI,65.1
66,Carnell Tate,WR,TEN,66.9
67,Jadarian Price,RB,SEA,67.5
68,Harold Fannin,TE,CLE,68.7
69,Kyle Pitts,TE,ATL,69.1
70,Christian Watson,WR,GB,70.9
71,Jaylen Warren,RB,PIT,71.8
72,Caleb Williams,QB,CHI,71.9
73,Brian Thomas,WR,JAX,73.9
74,DK Metcalf,WR,PIT,74.9
75,Marvin Harrison,WR,ARI,75.3
76,Parker Washington,WR,JAX,76
77,Chuba Hubbard,RB,CAR,77.6
78,Dak Prescott,QB,DAL,78.4
79,RJ Harvey,RB,DEN,79.5
80,Courtland Sutton,WR,DEN,80
81,Rhamondre Stevenson,RB,NE,80.6
82,Justin Herbert,QB,LAC,82.8
83,Michael Wilson,WR,ARI,83.6
84,Tony Pollard,RB,TEN,84.3
85,Rico Dowdle,RB,PIT,85
86,Makai Lemon,WR,PHI,86.5
87,Dalton Kincaid,TE,BUF,87.7
88,Los Angeles Rams,DEF,LAR,88.8
89,Jordyn Tyson,WR,NO,89
90,George Kittle,TE,SF,89.9
91,Jaxson Dart,QB,NYG,91.8
92,Travis Kelce,TE,KC,92.2
93,J.K. Dobbins,RB,DEN,94.6
94,Chris Godwin,WR,TB,95.4
95,Matthew Stafford,QB,LAR,96.2
96,Houston Texans,DEF,HOU,97.7
97,Kyle Monangai,RB,CHI,98.1
98,Jake Ferguson,TE,DAL,98.6
99,Trevor Lawrence,QB,JAX,100.4
100,Alec Pierce,WR,IND,101.1
101,Michael Pittman,WR,PIT,102.3
102,Blake Corum,RB,LAR,103.6
103,Jordan Addison,WR,MIN,104.5
104,Seattle Seahawks,DEF,SEA,105.5
105,Jonathon Brooks,RB,CAR,106.9
106,Patrick Mahomes,QB,KC,107.1
107,Josh Downs,WR,IND,107.5
108,Isaiah Likely,TE,NYG,109
109,Stefon Diggs,WR,WAS,110.9
110,Kenny Gainwell,RB,TB,111.6
111,Jayden Reed,WR,GB,112.1
112,Jakobi Meyers,WR,JAX,113.4
113,Quentin Johnston,WR,LAC,114.8
114,Jacory Croskey-Merritt,RB,WAS,115.1
115,Wan'Dale Robinson,WR,TEN,116.7
116,Jordan Mason,RB,MIN,116.9
117,Denver Broncos,DEF,DEN,119.1
118,Bo Nix,QB,DEN,120.7
119,Brock Purdy,QB,SF,121.2
120,KC Concepcion,WR,CLE,122.4
121,Dallas Goedert,TE,PHI,123
122,Aaron Jones,RB,MIN,124.2
123,Philadelphia Eagles,DEF,PHI,125.4
124,Matthew Golden,WR,GB,127.3
125,Oronde Gadsden,TE,LAC,128.1
126,Mark Andrews,TE,BAL,129.9
127,Rachaad White,RB,WAS,131.3
128,Romeo Doubs,WR,NE,132.4
129,Jared Goff,QB,DET,133.3
130,Baltimore Ravens,DEF,BAL,134.8
131,New England Patriots,DEF,NE,136.5
132,De'Zhaun Stribling,WR,SF,137
133,Deebo Samuel,WR,SF,138
134,Hunter Henry,TE,NE,139.8
135,Xavier Worthy,WR,KC,140.4
136,Khalil Shakir,WR,BUF,141.9
137,Chris Rodriguez,RB,JAX,142.1
138,Baker Mayfield,QB,TB,143.7
139,Jalen Coker,WR,CAR,145.7
140,Tyler Allgeier,RB,ARI,146.7
141,Zach Charbonnet,RB,SEA,147.1
142,Rashid Shaheed,WR,SEA,148.4
143,Jordan Love,QB,GB,149.5
144,Minnesota Vikings,DEF,MIN,151.7
145,Kenyon Sadiq,TE,NYJ,152.3
146,Brenton Strange,TE,JAX,152.6
147,Detroit Lions,DEF,DET,154.7
148,Brian Robinson,RB,ATL,155.4
149,Ja'Kobi Lane,WR,BAL,157.5
150,Kyler Murray,QB,MIN,159
151,Woody Marks,RB,HOU,160.5
152,Alvin Kamara,RB,NO,161.3
153,Pittsburgh Steelers,DEF,PIT,161.6
154,Tyrone Tracy,RB,NYG,163.5
155,T.J. Hockenson,TE,MIN,164.7
156,Denzel Boston,WR,CLE,165
157,Tyjae Spears,RB,TEN,166.2
158,Travis Hunter,WR,JAX,167.2
159,Jonah Coleman,RB,DEN,168.6
160,Jacksonville Jaguars,DEF,JAX,169
161,Mike Washington,RB,LV,170.5
162,Cyrus Allen,WR,KC,172.9
163,Tank Dell,WR,HOU,174.5
164,Sam Darnold,QB,SEA,175
165,Tank Bigsby,RB,PHI,176.5
166,Los Angeles Chargers,DEF,LAC,177.5
167,Fernando Mendoza,QB,LV,178
168,Keaton Mitchell,RB,LAC,179.4
169,Jalen Nailor,WR,LV,181.2
